requested,granted,released,kind,label
2026-10-04 21:31:02,2026-10-04 21:31:03,2026-10-04 21:31:27,manual,manual: live verification of the gate
2026-10-04 21:33:50,2026-10-04 21:33:53,2026-10-04 21:37:53,manual,manual: codex check
2026-10-04 21:38:37,2026-10-04 21:38:38,2026-10-04 21:40:27,render,film render: rig-smoke
2026-10-04 21:41:14,2026-10-04 21:41:19,2026-10-04 21:41:44,m3d,m3d: concept stage
2026-10-04 21:59:08,2026-10-04 21:59:08,2026-10-04 21:59:11,detected,outside any hold: mflux-generate
2026-10-04 21:59:51,2026-10-04 21:59:51,2026-10-04 21:59:53,detected,outside any hold: mflux-generate
2026-10-04 22:05:46,2026-10-04 22:06:17,2026-10-04 22:22:45,render,reel-studio: cast
2026-10-04 22:17:08,2026-10-04 22:17:08,2026-10-04 22:17:28,detected,outside any hold: mflux-generate
2026-10-04 22:22:44,2026-10-04 22:22:45,2026-10-04 22:44:36,render,reel-studio: sets
2026-10-04 22:44:37,2026-10-04 22:44:37,2026-10-04 22:48:09,render,reel-studio: cast
2026-10-04 22:48:07,2026-10-04 22:48:09,2026-10-04 23:08:49,render,reel-studio: views
2026-10-04 23:08:47,2026-10-04 23:08:49,2026-10-04 23:14:22,render,reel-studio: stills
2026-10-04 23:14:20,2026-10-04 23:14:22,2026-10-04 23:15:49,render,reel-studio: stills
2026-10-04 23:16:05,2026-10-04 23:16:05,2026-10-04 23:48:22,render,reel-studio: stills
2026-10-04 23:48:22,2026-10-04 23:48:22,2026-10-04 23:48:37,render,reel-studio: voice
2026-10-04 23:48:37,2026-10-04 23:48:37,2026-10-04 23:50:26,render,reel-studio: music
2026-10-04 23:50:30,2026-10-04 23:50:30,2026-10-04 23:51:44,render,reel-studio: voice
2026-10-04 23:50:41,2026-10-04 23:51:44,2026-10-05 00:38:01,render,reel-studio: animate
2026-10-04 23:51:20,2026-10-05 00:38:01,2026-10-05 00:42:14,render,reel-studio: music
2026-10-05 00:07:41,2026-10-05 00:42:14,2026-10-05 00:43:21,render,reel-studio: voice
2026-10-05 00:43:31,2026-10-05 00:43:31,2026-10-05 00:46:56,render,reel-studio: stills
2026-10-05 00:48:07,2026-10-05 00:48:07,2026-10-05 00:56:26,render,reel-studio: animate
2026-10-05 08:45:28,2026-10-05 08:45:36,2026-10-05 08:48:16,bench,benchmark: voice
2026-10-05 18:24:32,2026-10-05 18:24:33,2026-10-05 18:38:11,render,reel-studio: cast
2026-10-05 18:40:11,2026-10-05 18:40:11,2026-10-05 18:59:18,render,reel-studio: views
2026-10-05 19:00:18,2026-10-05 19:00:18,2026-10-05 19:15:44,render,reel-studio: sets
2026-10-05 19:17:46,2026-10-05 19:17:47,2026-10-05 19:45:11,render,reel-studio: stills
2026-10-05 19:47:28,2026-10-05 19:47:28,2026-10-05 20:13:34,render,reel-studio: stills
2026-10-05 20:15:48,2026-10-05 20:15:48,2026-10-05 20:35:54,render,reel-studio: stills
2026-10-05 20:38:17,2026-10-05 20:38:18,2026-10-05 21:15:58,render,reel-studio: stills
2026-10-05 21:18:29,2026-10-05 21:18:30,,render,reel-studio: stills
